{"cameraMode":{"drawMode":0,"name":"Shaded","section":"Shading Mode"},"sceneLighting":true,"audioPlay":false,"sceneViewState":{"showFog":true,"showMaterialUpdate":true,"showSkybox":true,"showFlares":true,"showImageEffects":true,"showParticleSystems":true},"in2DMode":false,"pivot":{"x":1.4169857501983643,"y":-71.787109375,"z":6.6968994140625},"rotation":{"x":0.6801069378852844,"y":-0.000003688850028993329,"z":-0.0000066300258367846258,"w":0.7331280708312988},"size":12.548601150512696,"orthographic":true}